{"filesMd5":[{"page":"/mediator/index.js","md5":"cc7c1de4809b319b295fbeca49b07bce"},{"page":"/config/index.js","md5":"62fcf4011f11d0541099ec9257ad64ca"},{"page":"/pages/demo/assets/index.js","md5":"f48954f3d889cb35a1023dcff21c2f63"},{"page":"/pages/demo/bmcalendar/index.js","md5":"5132c13d22de8c9371a94b04db68d631"},{"page":"/pages/demo/bmrichtext/index.js","md5":"0ac6682fe7992d524617531a35d543bb"},{"page":"/pages/demo/bmchart/index.js","md5":"d0535d20c50591de0bb135c7d7bc70d1"},{"page":"/pages/demo/coms/index.js","md5":"8faae10323a151e42a6b3f70d5ac50b0"},{"page":"/pages/demo/event/a.js","md5":"a18691b222882878a2e433b313de3b06"},{"page":"/pages/demo/event/b.js","md5":"c1a4ca47a038dd44c6c014e4be9bae91"},{"page":"/pages/demo/font/index.js","md5":"abfdd98c073db5149e3271fb1cc8a241"},{"page":"/pages/demo/globalAttr/index.js","md5":"b2abc94da9e67fc15a9948442beae143"},{"page":"/pages/demo/image/index.js","md5":"b771164c09370dc158d368de0fe3a88b"},{"page":"/pages/demo/index.js","md5":"98ef41f7517611e9932b5c8c858735de"},{"page":"/pages/demo/inputExtend/index.js","md5":"2a39033fd2d1539f97826aae7c2cfad7"},{"page":"/pages/demo/lifecycle/index.js","md5":"d7de57b2adaf4b1300623edf79045f39"},{"page":"/pages/demo/navigator/index.js","md5":"880eaecca888442b82f8939802728f03"},{"page":"/pages/demo/notice/index.js","md5":"298ba159fd9f146998f72636ff9f9428"},{"page":"/pages/demo/other/waterfall.js","md5":"816a7570ad74021f724e5293c7f36164"},{"page":"/pages/demo/other/weex-ui/tab-page/index.js","md5":"66747bac8cd92f515427348dad21deab"},{"page":"/pages/demo/refresh/index.js","md5":"86657418673f14d5d68c43b7c16136ab"},{"page":"/pages/demo/router/home.js","md5":"b6376eed29f7cb28a074dad2baa9b05c"},{"page":"/pages/demo/router/index.js","md5":"2a4a1892be45804a8e082c363cf851fc"},{"page":"/pages/demo/storage/index.js","md5":"15303f7454b2c81f524aab6cd1986681"},{"page":"/pages/demo/tools/index.js","md5":"43c6cc1d917b0f6c96ef77002f272570"},{"page":"/iconfont/font_1469606063_76593.ttf","md5":"f6222bcfedff4a817bb50df7a049d1db"},{"page":"/iconfont/font_1469606522_9417143.woff","md5":"6cf5490fd14ff83350ff952bb5b8e484"},{"page":"/iconfont/font_zn5b3jswpofuhaor.ttf","md5":"c0356b22e8235d2b0be8880cc81894cc"},{"page":"/iconfont/iconfont-eros.ttf","md5":"68780fad0047dc5b02cb613ebb08cda1"},{"page":"/iconfont/iconfont.ttf","md5":"ec86bfe5bdb872bad2b2af4f11da14f4"},{"page":"/assets/demo.jpg","md5":"332c4e7d5398207c1b49750369a72848"}],"android":"1.0.0","iOS":"1.0.0","appName":"One-Weex","jsVersion":"278697b378a74d3b0f46b18d6ebf7aeb","timestamp":1519717829286,"jsPath":"https://app.weex-eros.com/source"}
