{"filesMd5":[{"page":"/config/index.js","md5":"e0800846ec0981b43678ce569d6a1d3d"},{"page":"/mediator/index.js","md5":"f92476e1c60d0e48264d72078a421c04"},{"page":"/pages/oneDemo/App.js","md5":"05ec431900d2c7552553706756ec0a47"},{"page":"/pages/oneDemo/home/index.js","md5":"421846e73ae5ff343070e3a4912fd233"},{"page":"/pages/oneDemo/home/read-detail.js","md5":"6c02dbb467fdd73451685978914289ee"},{"page":"/pages/oneDemo/home/sliderview.js","md5":"6dacec681c5795a4853d36fe8217fe00"},{"page":"/pages/oneDemo/movie/index.js","md5":"31ac80aaf1e6eb4fdd834710021ebca3"},{"page":"/pages/oneDemo/music/index.js","md5":"20c404b81b413732c65c7385de240fc9"},{"page":"/pages/oneDemo/music/poster.js","md5":"19f49360eba5bf40e6514cf21dc8bae5"},{"page":"/pages/oneDemo/music/servicepage.js","md5":"7165858b459f52fc07f9095b0a1ab5aa"},{"page":"/pages/oneDemo/music/test.js","md5":"91d552cb406d224162ceb0a54577f6f0"},{"page":"/pages/oneDemo/music/tab-page-test.js","md5":"d0adf9cca28741b6cb137dd20a4b654a"},{"page":"/pages/oneDemo/read/index.js","md5":"4827726ccaaae5ffcba73794077709c5"},{"page":"/iconfont/font_1469606063_76593.ttf","md5":"f6222bcfedff4a817bb50df7a049d1db"},{"page":"/iconfont/font_1469606522_9417143.woff","md5":"6cf5490fd14ff83350ff952bb5b8e484"},{"page":"/iconfont/font_zn5b3jswpofuhaor.ttf","md5":"c0356b22e8235d2b0be8880cc81894cc"},{"page":"/iconfont/iconfont-eros.ttf","md5":"68780fad0047dc5b02cb613ebb08cda1"},{"page":"/iconfont/iconfont.ttf","md5":"ec86bfe5bdb872bad2b2af4f11da14f4"},{"page":"/assets/demo.jpg","md5":"332c4e7d5398207c1b49750369a72848"}],"android":"1.0.0","iOS":"1.0.0","appName":"One-Weex","jsVersion":"93ddb8cfb9926368ecc58180b249720f","timestamp":1521787088554,"jsPath":"https://app.weex-eros.com/source"}
