{"filesMd5":[{"page":"/mediator/index.js","md5":"d8e8a45a8d000c937efd2e56cdecb682"},{"page":"/config/index.js","md5":"a2df143c09267d34b7bc2bc3d8e63d57"},{"page":"/pages/oneDemo/App.js","md5":"68a125105413c05110cee48def724a5e"},{"page":"/iconfont/font_1469606063_76593.ttf","md5":"f6222bcfedff4a817bb50df7a049d1db"},{"page":"/iconfont/font_1469606522_9417143.woff","md5":"6cf5490fd14ff83350ff952bb5b8e484"},{"page":"/iconfont/font_zn5b3jswpofuhaor.ttf","md5":"c0356b22e8235d2b0be8880cc81894cc"},{"page":"/iconfont/iconfont-eros.ttf","md5":"68780fad0047dc5b02cb613ebb08cda1"},{"page":"/iconfont/iconfont.ttf","md5":"ec86bfe5bdb872bad2b2af4f11da14f4"},{"page":"/assets/demo.jpg","md5":"332c4e7d5398207c1b49750369a72848"}],"android":"1.0.0","iOS":"1.0.0","appName":"One-Weex","jsVersion":"a08d96cc155c7278eb466f98302d0b8f","timestamp":1519722429108,"jsPath":"https://app.weex-eros.com/source"}
